https://www.reddit.com/r/databreach/,0
http://www.facebook.com/,0
http://www.yahoo.com/,0
http://www.live.com/,0
http://www.wikipedia.org/,0
http://www.msn.com/,0
http://www.microsoft.com/,0
http://www.blogspot.com/,0
http://www.baidu.com/,0
http://www.qq.com/,0
http://www.mozilla.com/,0
http://www.sina.com.cn/,0
http://www.wordpress.com/,0
http://www.bing.com/,0
http://www.adobe.com/,0
http://www.163.com/,0
http://www.taobao.com/,0
http://www.soso.com/,0
http://www.twitter.com/,0
http://www.youku.com/,0
http://www.ask.com/,0
http://www.sohu.com/,0
http://www.amazon.com/,0
http://www.windows.com/,0
http://www.ebay.com/,0
http://www.myspace.com/,0
http://www.apple.com/,0
http://www.tudou.com/,0
http://www.conduit.com/,0
http://www.hotmail.com/,0
http://www.flickr.com/,0
http://www.photobucket.com/,0
http://www.tianya.cn/,0
http://www.about.com/,0
http://www.cnet.com/,0
http://www.hao123.com/,0
http://www.iefxz.com/,0
http://www.xunlei.com/,0
http://www.paypal.com/,0
http://www.rapidshare.com/,0
http://www.go.com/,0
http://www.fc2.com/,0
http://www.bbc.co.uk/,0
http://www.imdb.com/,0
http://www.orkut.com/,0
http://www.sogou.com/,0
http://www.56.com/,0
http://www.aol.com/,0
http://www.craigslist.org/,0
http://www.imageshack.us/,0
http://www.ku6.com/,0
http://www.blogger.com/,0
http://www.ifeng.com/,0
http://www.linkedin.com/,0
http://www.yandex.ru/,0
http://www.mail.ru/,0
http://www.partypoker.com/,0
http://www.megaupload.com/,0
http://www.answers.com/,0
http://www.alibaba.com/,0
http://www.hi5.com/,0
http://www.cnn.com/,0
http://www.4shared.com/,0
http://www.gougou.com/,0
http://www.skype.com/,0
http://www.renren.com/,0
http://www.dailymotion.com/,0
http://www.naver.com/,0
http://www.weather.com/,0
http://www.mozilla.org/,0
http://www.mediafire.com/,0
http://www.bit.ly/,0
http://www.hp.com/,0
http://www.ehow.com/,0
http://www.nifty.com/,0
http://www.vkontakte.ru/,0
http://www.alipay.com/,0
http://www.nytimes.com/,0
http://www.overture.com/,0
http://www.sourceforge.net/,0
http://www.fbcdn.net/,0
http://www.xtendmedia.com/,0
http://www.xinhuanet.com/,0
http://www.wikimedia.org/,0
http://www.pconline.com.cn/,0
http://www.daum.net/,0
http://www.4399.com/,0
http://www.bankofamerica.com/,0
http://www.ebay.de/,0
http://www.uol.com.br/,0
http://www.filestube.com/,0
http://www.zol.com.cn/,0
http://www.mop.com/,0
http://www.alexa.com/,0
http://www.brothersoft.com/,0
http://www.scribd.com/,0
http://www.softonic.com/,0
http://www.mapquest.com/,0
http://www.dell.com/,0
http://www.people.com.cn/,0
http://www.kaixin001.com/,0
http://www.ebay.co.uk/,0
http://www.seesaa.net/,0
http://www.badoo.com/,0
http://www.megavideo.com/,0
http://www.126.com/,0
http://www.paipai.com/,0
http://www.avg.com/,0
http://www.pps.tv/,0
http://www.odnoklassniki.ru/,0
http://www.free.fr/,0
http://www.mywebsearch.com/,0
http://www.zynga.com/,0
http://www.depositfiles.com/,0
http://www.metacafe.com/,0
http://www.chase.com/,0
http://www.thepiratebay.org/,0
http://www.kakaku.com/,0
http://www.cctv.com/,0
http://www.optmd.com/,0
http://www.hotfile.com/,0
http://www.com.com/,0
http://www.ning.com/,0
http://www.vk.com/,0
http://www.game2.com.cn/,0
http://www.youdao.com/,0
http://www.getpersonas.com/,0
http://www.tripadvisor.com/,0
http://www.nate.com/,0
http://www.livejournal.com/,0
http://www.soufun.com/,0
http://www.zedo.com/,0
http://www.browserchoice.eu/,0
http://www.thefreedictionary.com/,0
http://www.2ch.net/,0
http://www.tinypic.com/,0
http://www.java.com/,0
http://www.narod.ru/,0
http://www.xici.net/,0
http://www.walmart.com/,0
http://www.114la.com/,0
http://www.joy.cn/,0
http://www.addthis.com/,0
http://www.globo.com/,0
http://www.360.cn/,0
http://www.cocolog-nifty.com/,0
http://www.netflix.com/,0
http://www.target.com/,0
http://www.58.com/,0
http://www.cyworld.com/,0
http://www.unionsky.cn/,0
http://www.tom.com/,0
http://www.amazon.de/,0
http://www.netlog.com/,0
http://www.amazon.co.uk/,0
http://www.reference.com/,0
http://www.douban.com/,0
http://www.eastmoney.com/,0
http://www.livedoor.com/,0
http://www.hexun.com/,0
http://www.liveperson.net/,0
http://www.7k7k.com/,0
http://www.miniclip.com/,0
http://www.39.net/,0
http://www.nih.gov/,0
http://www.rambler.ru/,0
http://www.reuters.com/,0
http://www.kugou.com/,0
http://www.terra.com.br/,0
http://www.tripod.com/,0
http://www.mcafee.com/,0
http://www.att.com/,0
http://www.weather.com.cn/,0
http://www.tagged.com/,0
http://www.2345.com/,0
http://www.zing.vn/,0
http://www.chinamobile.com/,0
http://www.expedia.com/,0
http://www.tinyurl.com/,0
http://www.chinanews.com.cn/,0
http://www.1stwebgame.com/,0
http://www.commentcamarche.net/,0
http://www.taringa.net/,0
http://www.domaintools.com/,0
http://www.autohome.com.cn/,0
http://www.typepad.com/,0
http://www.ezinearticles.com/,0
http://www.shopping.com/,0
http://www.deviantart.com/,0
http://www.marketgid.com/,0
http://www.ikea.com/,0
http://www.maktoob.com/,0
http://www.web.de/,0
http://www.informharry.com/,0
http://www.alimama.com/,0
http://www.ynet.com/,0
http://www.softpedia.com/,0
http://www.china.com/,0
http://www.6.cn/,0
http://www.5599.net/,0
http://www.cntv.cn/,0
http://www.booking.com/,0
http://www.orange.fr/,0
http://www.advmaker.ru/,0
http://www.verycd.com/,0
http://www.multiply.com/,0
http://www.comcast.net/,0
http://www.ioage.com/,0
http://www.skycn.com/,0
http://www.libero.it/,0
http://www.onet.pl/,0
http://www.rediff.com/,0
http://www.americanexpress.com/,0
http://www.dailymail.co.uk/,0
http://www.alot.com/,0
http://www.nasza-klasa.pl/,0
http://www.pchome.net/,0
http://www.51job.com/,0
http://www.70yx.com/,0
http://www.mlb.com/,0
http://www.huffingtonpost.com/,0
http://www.bestbuy.com/,0
http://www.freelotto.com/,0
http://www.yahoo.net/,0
http://www.docstoc.com/,0
http://www.csdn.net/,0
http://www.digg.com/,0
http://www.macromedia.com/,0
http://www.tumblr.com/,0
http://www.twitpic.com/,0
http://www.foxsports.com/,0
http://www.wikia.com/,0
http://www.t-online.de/,0
http://www.verizonwireless.com/,0
http://www.justin.tv/,0
http://www.ups.com/,0
http://www.wp.pl/,0
http://www.docin.com/,0
http://www.pdfqueen.com/,0
http://www.dangdang.com/,0
http://www.focus.cn/,0
http://www.nextag.com/,0
http://www.ziddu.com/,0
http://www.hubpages.com/,0
http://www.kioskea.net/,0
http://www.babylon.com/,0
http://www.last.fm/,0
http://www.wellsfargo.com/,0
http://www.gmx.net/,0
http://www.friendster.com/,0
http://www.wsj.com/,0
http://www.slideshare.net/,0
http://www.foxnews.com/,0
http://www.ganji.com/,0
http://www.iza.ne.jp/,0
http://www.51.com/,0
http://www.metrolyrics.com/,0
http://www.yesky.com/,0
http://www.usps.com/,0
http://www.alisoft.com/,0
http://www.mainichi.jp/,0
http://www.irs.gov/,0
http://www.bigpoint.com/,0
http://www.china.com.cn/,0
http://www.iciba.com/,0
http://www.hulu.com/,0
http://www.gmarket.co.kr/,0
http://www.tabelog.com/,0
http://www.gamespot.com/,0
http://www.symantec.com/,0
http://www.nokia.com/,0
http://www.pcpop.com/,0
http://www.dion.ne.jp/,0
http://www.torrentz.com/,0
http://www.pptv.com/,0
http://www.telegraph.co.uk/,0
http://www.duowan.com/,0
http://www.joins.com/,0
http://www.wordreference.com/,0
http://www.peeplo.com/,0
http://www.ign.com/,0
http://www.huanqiu.com/,0
http://www.aweber.com/,0
http://www.guardian.co.uk/,0
http://www.samsung.com/,0
http://www.skyrock.com/,0
http://www.sun.com/,0
http://www.the2009.cn/,0
http://www.musica.com/,0
http://www.icq.com/,0
http://www.allegro.pl/,0
http://www.virgilio.it/,0
http://www.nhk.or.jp/,0
http://www.linekong.com/,0
http://www.hudong.com/,0
http://www.comcast.com/,0
http://www.pcauto.com.cn/,0
http://www.sponichi.co.jp/,0
http://www.isohunt.com/,0
http://www.springerlink.com/,0
http://www.traviangames.com/,0
http://www.zimbio.com/,0
http://www.robtex.com/,0
http://www.wretch.cc/,0
http://www.japanpost.jp/,0
http://www.onlinedown.net/,0
http://www.godaddy.com/,0
http://www.vimeo.com/,0
http://www.qidian.com/,0
http://www.mapion.co.jp/,0
http://www.washingtonpost.com/,0
http://www.118114.cn/,0
http://www.ieaddons.com/,0
http://www.rockyou.com/,0
http://www.wikimapia.org/,0
http://www.jiayuan.com/,0
http://www.sanspo.com/,0
http://www.whitepages.com/,0
http://www.yelp.com/,0
http://www.real.com/,0
http://www.bizrate.com/,0
http://www.formspring.me/,0
http://www.amazon.cn/,0
http://www.hc360.com/,0
http://www.17173.com/,0
http://www.ineedfile.com/,0
http://www.360buy.com/,0
http://www.8684.cn/,0
http://www.pplive.com/,0
http://www.over-blog.com/,0
http://www.baixaki.com.br/,0
http://www.beemp3.com/,0
http://www.cnzz.com/,0
http://www.usatoday.com/,0
http://www.yahooapis.com/,0
http://www.tenpay.com/,0
http://www.asahi.com/,0
http://www.surveymonkey.com/,0
http://www.21cn.com/,0
http://www.nba.com/,0
http://www.informer.com/,0
http://www.intuit.com/,0
http://www.sparkstudios.com/,0
http://www.letitbit.net/,0
http://www.plala.or.jp/,0
http://www.homedepot.com/,0
http://www.ctrip.com/,0
http://www.opera.com/,0
http://www.37cs.com/,0
http://www.jiji.com/,0
http://www.ucoz.ru/,0
http://www.webmd.com/,0
http://www.sonico.com/,0
http://www.avast.com/,0
http://www.linternaute.com/,0
http://www.letv.com/,0
http://www.ip138.com/,0
http://www.careerbuilder.com/,0
http://www.ibm.com/,0
http://www.associatedcontent.com/,0
http://www.gnavi.co.jp/,0
http://www.rincondelvago.com/,0
http://www.indiatimes.com/,0
http://www.ddmap.com/,0
http://www.veoh.com/,0
http://www.dtiblog.com/,0
http://www.zylom.com/,0
http://www.monografias.com/,0
http://www.auction.co.kr/,0
http://www.fedex.com/,0
http://www.liveinternet.ru/,0
http://www.koubei.com/,0
http://www.leboncoin.fr/,0
http://www.game2.cn/,0
http://www.suite101.com/,0
http://www.squidoo.com/,0
http://www.teacup.com/,0
http://www.windowslive.com/,0
http://www.addictinggames.com/,0
http://www.filehippo.com/,0
http://www.sdo.com/,0
http://www.ustream.tv/,0
http://www.tistory.com/,0
http://www.115.com/,0
http://www.liutilities.com/,0
http://www.jalan.net/,0
http://www.webs.com/,0
http://www.naqigs.com/,0
http://www.ccb.com.cn/,0
http://www.it168.com/,0
http://www.etology.com/,0
http://www.everesttech.net/,0
http://www.intelius.com/,0
http://www.sina.com/,0
http://www.pomoho.com/,0
http://www.serving-sys.com/,0
http://www.sciencedirect.com/,0
http://www.ccbill.com/,0
http://www.incredimail.com/,0
http://www.capitalone.com/,0
http://www.yellowpages.com/,0
http://www.geocities.co.jp/,0
http://www.ebay.it/,0
http://www.glispa.com/,0
http://www.hotels.com/,0
http://www.opendns.com/,0
http://www.engadget.com/,0
http://www.chosun.com/,0
http://www.y8.com/,0
http://www.ourtoolbar.com/,0
http://www.oricon.co.jp/,0
http://www.downloadhelper.net/,0
http://www.oyunlar1.com/,0
http://www.vector.co.jp/,0
http://www.cmbchina.com/,0
http://www.farmville.com/,0
http://www.120ask.com/,0
http://www.chip.de/,0
http://www.atwiki.jp/,0
http://www.zhaopin.com/,0
http://www.unkar.org/,0
http://www.freeonlinegames.com/,0
http://www.wordpress.org/,0
http://www.latimes.com/,0
http://www.fotolog.com/,0
http://www.fastbrowsersearch.com/,0
http://www.mp3raid.com/,0
http://www.pagesjaunes.fr/,0
http://www.boston.com/,0
http://www.mobile.de/,0
http://www.5d6d.com/,0
http://www.aufeminin.com/,0
http://www.wikihow.com/,0
http://www.11st.co.kr/,0
http://www.yaplog.jp/,0
http://www.passport.net/,0
http://www.merriam-webster.com/,0
http://www.itmedia.co.jp/,0
http://www.cookpad.com/,0
http://www.mercadolivre.com.br/,0
http://www.tu.tv/,0
http://www.wauee.com/,0
http://www.priceline.com/,0
http://www.zshare.net/,0
http://www.cooliris.com/,0
http://www.qunar.com/,0
http://www.ryanair.com/,0
http://www.interia.pl/,0
http://www.ig.com.br/,0
http://www.monster.com/,0
http://www.archive.org/,0
http://www.alice.it/,0
http://www.xinmin.cn/,0
http://www.fixya.com/,0
http://www.nikkansports.com/,0
http://www.funshion.com/,0
http://www.vnet.cn/,0
http://www.sears.com/,0
http://www.bild.de/,0
http://www.ebay.fr/,0
http://www.iminent.com/,0
http://www.uploading.com/,0
http://www.baofeng.com/,0
http://www.1ting.com/,0
http://www.macys.com/,0
http://www.kuwo.cn/,0
http://www.bitauto.com/,0
http://www.tiexue.net/,0
http://www.mpnrs.com/,0
http://www.nowdownloadall.com/,0
http://www.southwest.com/,0
http://www.ce.cn/,0
http://www.in.com/,0
http://www.allrecipes.com/,0
http://www.novoteka.ru/,0
http://www.travelocity.com/,0
http://www.people.com/,0
http://www.timesonline.co.uk/,0
http://www.dealtime.com/,0
http://www.ticketmaster.com/,0
http://www.mtv.com/,0
http://www.gazeta.pl/,0
http://www.bin-layer.de/,0
http://www.9wee.com/,0
http://www.donga.com/,0
http://www.lowes.com/,0
http://www.fanpop.com/,0
http://www.cnxad.com/,0
http://www.angelfire.com/,0
http://www.blackberry.com/,0
http://www.01net.com/,0
http://www.wunderground.com/,0
http://www.news.cn/,0
http://www.sapo.pt/,0
http://www.deviantart.net/,0
http://www.nydailynews.com/,0
http://www.mtime.com/,0
http://www.univision.com/,0
http://www.sfr.fr/,0
http://www.winamp.com/,0
http://www.webshots.com/,0
http://www.enet.com.cn/,0
http://www.made-in-china.com/,0
http://www.constantcontact.com/,0
http://www.examiner.com/,0
http://www.pandora.tv/,0
http://www.abril.com.br/,0
http://www.indeed.com/,0
http://www.overstock.com/,0
http://www.xywy.com/,0
http://www.gizmodo.com/,0
http://www.wiktionary.org/,0
http://www.shinobi.jp/,0
http://www.pandora.com/,0
http://www.dianping.com/,0
http://www.repubblica.it/,0
http://www.360doc.com/,0
http://www.duote.com/,0
http://www.176.com/,0
http://www.intel.com/,0
http://www.accountonline.com/,0
http://www.aibang.com/,0
http://www.altervista.org/,0
http://www.rapid-downloads.com/,0
http://www.xe.com/,0
http://www.pixnet.net/,0
http://www.wareseeker.com/,0
http://www.ebuddy.com/,0
http://www.radikal.ru/,0
http://www.webgame.com.cn/,0
http://www.jcpenney.com/,0
http://www.armorgames.com/,0
http://www.information.com/,0
http://www.downloadcave.com/,0
http://www.orbitz.com/,0
http://www.ca.gov/,0
http://www.zaycev.net/,0
http://www.imvu.com/,0
http://www.rian.ru/,0
http://www.usagc.org/,0
http://www.metroflog.com/,0
http://www.medicinenet.com/,0
http://www.classmates.com/,0
http://www.windowsmedia.com/,0
http://www.detik.com/,0
http://www.mk.co.kr/,0
http://www.microsofttranslator.com/,0
http://www.verizon.net/,0
http://www.cartoonnetwork.com/,0
http://www.mt.co.kr/,0
http://www.fangeye.com/,0
http://www.rr.com/,0
http://www.fresheye.com/,0
http://www.sweetim.com/,0
http://www.stumbleupon.com/,0
http://www.myvideo.de/,0
http://www.hotpepper.jp/,0
http://www.pcgames.com.cn/,0
http://www.costco.com/,0
http://www.uploaded.to/,0
http://www.xiaonei.com/,0
http://www.24h.com.vn/,0
http://www.cncmax.cn/,0
http://www.mafiawars.com/,0
http://www.priceminister.com/,0
http://www.w3.org/,0
http://www.nhaccuatui.com/,0
http://www.vnexpress.net/,0
http://www.foxnetworks.com/,0
http://www.freakshare.net/,0
http://www.rutracker.org/,0
http://www.elmundo.es/,0
http://www.torrentreactor.net/,0
http://www.best-price.com/,0
http://www.nasa.gov/,0
http://www.mdinfo.com/,0
http://www.limewire.com/,0
http://www.wer-kennt-wen.de/,0
http://www.nikkei.com/,0
http://www.51seer.com/,0
http://www.gap.com/,0
http://www.wiley.com/,0
http://www.time.com/,0
http://www.elsevier.com/,0
http://www.howstuffworks.com/,0
http://www.agame.com/,0
http://www.che168.com/,0
http://www.corriere.it/,0
http://www.xorg.pl/,0
http://www.wachovia.com/,0
http://www.thesun.co.uk/,0
http://www.girlsgogames.com/,0
http://www.piriform.com/,0
http://www.chinaren.com/,0
http://www.rbc.ru/,0
http://www.spiegel.de/,0
http://www.tbs.co.jp/,0
http://www.europa.eu/,0
http://www.btjunkie.org/,0
http://www.vancl.com/,0
http://www.citibank.com/,0
http://www.clubpenguin.com/,0
http://www.verizon.com/,0
http://www.forbes.com/,0
http://www.huanlang.com/,0
http://www.delta.com/,0
http://www.sky.com/,0
http://www.nikkei.co.jp/,0
http://www.norton.com/,0
http://www.rapid4me.com/,0
http://www.seznam.cz/,0
http://www.zoosk.com/,0
http://www.jstor.org/,0
http://www.19lou.com/,0
http://www.juegos.com/,0
http://www.easyjet.com/,0
http://www.hyves.nl/,0
http://www.cbsnews.com/,0
http://www.yoka.com/,0
http://www.mylife.com/,0
http://www.jrj.com.cn/,0
http://www.xmarks.com/,0
http://www.businessweek.com/,0
http://www.partypoker.it/,0
http://www.shop-pro.jp/,0
http://www.taleo.net/,0
http://www.dantri.com.vn/,0
http://www.ovi.com/,0
http://www.pcworld.com/,0
http://www.xcar.com.cn/,0
http://www.chinaz.com/,0
http://www.nike.com/,0
http://www.ya.ru/,0
http://www.picnik.com/,0
http://www.pchome.com.tw/,0
http://www.with2.net/,0
http://www.pogo.com/,0
http://www.fanbox.com/,0
http://www.95599.cn/,0
http://www.evite.com/,0
http://www.159game.com/,0
http://www.hankooki.com/,0
http://www.stayfriends.de/,0
http://www.mozilla-europe.org/,0
http://www.gutefrage.net/,0
http://www.logmein.com/,0
http://www.break.com/,0
http://www.paran.com/,0
http://www.mercadolibre.com.mx/,0
http://www.wrzuta.pl/,0
http://www.blogcu.com/,0
http://www.winzip.com/,0
http://www.bahn.de/,0
http://www.topshareware.com/,0
http://www.acer.com/,0
http://www.mynet.com/,0
http://www.urbandictionary.com/,0
http://www.sanook.com/,0
http://www.rayfile.com/,0
http://www.usenet.nl/,0
http://www.encyclopedia.com/,0
http://www.imagevenue.com/,0
http://www.qip.ru/,0
http://www.discovery.com/,0
http://www.yam.com/,0
http://www.265.com/,0
http://www.mashable.com/,0
http://www.me.com/,0
http://www.yandex.ua/,0
http://www.foodnetwork.com/,0
http://www.freewebs.com/,0
http://www.sonyericsson.com/,0
http://www.61.com/,0
http://www.articlesbase.com/,0
http://www.ct10000.com/,0
http://www.mufg.jp/,0
http://www.xrea.com/,0
http://www.chinacars.com/,0
http://www.cri.cn/,0
http://www.movies-links.tv/,0
http://www.match.com/,0
http://www.blogbus.com/,0
http://www.livescore.com/,0
http://www.zhcw.com/,0
http://www.ebay.com.au/,0
http://www.istockphoto.com/,0
http://www.speedtest.net/,0
http://www.windowslivehelp.com/,0
http://www.sprint.com/,0
http://www.superpages.com/,0
http://www.infospace.com/,0
http://www.accuweather.com/,0
http://www.doctissimo.fr/,0
http://www.openv.com/,0
http://www.msn.com.cn/,0
http://www.t-mobile.com/,0
http://www.tuenti.com/,0
http://www.tmz.com/,0
http://www.otto.de/,0
http://www.gemius.pl/,0
http://www.shoplocal.com/,0
http://www.barnesandnoble.com/,0
http://www.pclady.com.cn/,0
http://www.ninemsn.com.au/,0
http://www.wanfangdata.com.cn/,0
http://www.51fswd.com/,0
http://www.programas-gratis.net/,0
http://www.pronto.com/,0
http://www.baixing.com/,0
http://www.worldstarhiphop.com/,0
http://www.yahoo.com.tw/,0
http://www.cnki.com.cn/,0
http://www.w3schools.com/,0
http://www.unlimited-downloads.biz/,0
http://www.qq163.com/,0
http://www.carview.co.jp/,0
http://www.zjol.com.cn/,0
http://www.bebo.com/,0
http://www.delicious.com/,0
http://www.hinet.net/,0
http://www.buzzle.com/,0
http://www.schuelervz.net/,0
http://www.nationalgeographic.com/,0
http://www.local.com/,0
http://www.tv.com/,0
http://www.kaskus.us/,0
http://www.etsy.com/,0
http://www.eastday.com/,0
http://www.shumenol.com/,0
http://www.sendspace.com/,0
http://www.citysearch.com/,0
http://www.zaobao.com/,0
http://www.ed.gov/,0
http://www.irctc.co.in/,0
http://www.downtr.net/,0
http://www.laredoute.fr/,0
http://www.playstation.com/,0
http://www.elpais.com/,0
http://www.utorrent.com/,0
http://www.blogmura.com/,0
http://www.mapbar.com/,0
http://www.readnovel.com/,0
http://www.m1905.com/,0
http://www.marriott.com/,0
http://www.popeater.com/,0
http://www.jsoftj.com/,0
http://www.tweetmeme.com/,0
http://www.hm.com/,0
http://www.travelzoo.com/,0
http://www.torrentdownloads.net/,0
http://www.izlesene.com/,0
http://www.studivz.net/,0
http://www.hilton.com/,0
http://www.vietbao.vn/,0
http://www.kayak.com/,0
http://www.zappos.com/,0
http://www.realtor.com/,0
http://www.oadz.com/,0
http://www.123people.com/,0
http://www.abchina.com/,0
http://www.hurra.com/,0
http://www.slide.com/,0
http://www.allexperts.com/,0
http://www.aa.com/,0
http://www.uuu9.com/,0
http://www.symantecstore.com/,0
http://www.cricinfo.com/,0
http://www.52pk.com/,0
http://www.go2000.com/,0
http://www.searchignite.com/,0
http://www.chinadaily.com.cn/,0
http://www.newegg.com/,0
http://www.timeanddate.com/,0
http://www.direct.gov.uk/,0
http://www.pctools.com/,0
http://www.27.cn/,0
http://www.tgbus.com/,0
http://www.fc2web.com/,0
http://www.mozdev.org/,0
http://www.marca.com/,0
http://www.udn.com/,0
http://www.amazon.fr/,0
http://www.weblio.jp/,0
http://www.changyou.com/,0
http://www.daily.co.jp/,0
http://www.thefind.com/,0
http://www.nttdocomo.co.jp/,0
http://www.kohls.com/,0
http://www.walkerplus.com/,0
http://www.babycenter.com/,0
http://www.ow.ly/,0
http://www.webgame188.com/,0
http://www.toocle.com/,0
http://www.webcrawler.com/,0
http://www.stackoverflow.com/,0
http://www.ekolay.net/,0
http://www.kuronekoyamato.co.jp/,0
http://www.vzw.com/,0
http://www.buzznet.com/,0
http://www.wetter.com/,0
http://www.dospy.com/,0
http://www.fidelity.com/,0
http://www.gismeteo.ru/,0
http://www.ft.com/,0
http://www.freedownloadscenter.com/,0
http://www.smarter.co.jp/,0
http://www.bidders.co.jp/,0
http://www.tesco.com/,0
http://www.azlyrics.com/,0
http://www.legacy.com/,0
http://www.tf1.fr/,0
http://www.nhl.com/,0
http://www.mycom.co.jp/,0
http://www.rtl.de/,0
http://www.hankyung.com/,0
http://www.edeng.cn/,0
http://www.immobilienscout24.de/,0
http://www.gigazine.net/,0
http://www.marketwatch.com/,0
http://www.xuite.net/,0
http://www.techcrunch.com/,0
http://www.inowdownload.com/,0
http://www.kooora.com/,0
http://www.zdnet.com/,0
http://www.causes.com/,0
http://www.imagebam.com/,0
http://www.thesaurus.com/,0
http://www.boc.cn/,0
http://www.kapook.com/,0
http://www.argos.co.uk/,0
http://www.kp.ru/,0
http://www.uniblue.com/,0
http://www.boosj.com/,0
http://www.meebo.com/,0
http://www.redtram.com/,0
http://www.qianlong.com/,0
http://www.top100.cn/,0
http://www.ancestry.com/,0
http://www.pricegrabber.com/,0
http://www.pkr.com/,0
http://www.php.net/,0
http://www.ea.com/,0
http://www.rutube.ru/,0
http://www.qingdaonews.com/,0
http://www.sbs.co.kr/,0
http://www.shvoong.com/,0
http://www.ilike.com/,0
http://www.kaspersky.com/,0
http://www.bigfishgames.com/,0
http://www.xing.com/,0
http://www.taotao.com/,0
http://www.sing365.com/,0
http://www.51mole.com/,0
http://www.tweetphoto.com/,0
http://www.bloomberg.com/,0
http://www.newhua.com/,0
http://www.2000y.net/,0
http://www.asiae.co.kr/,0
http://www.aolnews.com/,0
http://www.bdr130.net/,0
http://www.picktorrent.com/,0
http://www.pixmania.com/,0
http://www.wired.com/,0
http://www.juchang.com/,0
http://www.vatgia.com/,0
http://www.divx.com/,0
http://www.ana.co.jp/,0
http://www.fandango.com/,0
http://www.seoul.co.kr/,0
http://www.appspot.com/,0
http://www.fetion.com.cn/,0
http://www.bandoo.com/,0
http://www.city-data.com/,0
http://www.wisegeek.com/,0
http://www.ocnk.net/,0
http://www.hunantv.com/,0
http://www.kijiji.ca/,0
http://www.cnki.net/,0
http://www.panasonic.jp/,0
http://www.allocine.fr/,0
http://www.chinahr.com/,0
http://www.emagister.com/,0
http://www.manta.com/,0
http://www.rayli.com.cn/,0
http://www.asahi-net.or.jp/,0
http://www.dreamstime.com/,0
http://www.lastminute.com/,0
http://www.nick.com/,0
http://www.deezer.com/,0
http://www.bohelady.com/,0
http://www.esmas.com/,0
http://www.vente-privee.com/,0
http://www.lyricsmode.com/,0
http://www.findarticles.com/,0
http://www.47news.jp/,0
http://www.staples.com/,0
http://www.songs.pk/,0
http://www.bomb-mp3.com/,0
http://www.cqvip.com/,0
http://www.autoscout24.de/,0
http://www.victoriassecret.com/,0
http://www.acrobat.com/,0
http://www.national-lottery.co.uk/,0
http://www.mayoclinic.com/,0
http://www.zillow.com/,0
http://www.onemanga.com/,0
http://www.playsushi.com/,0
http://www.answerbag.com/,0
http://www.ukr.net/,0
http://www.citicards.com/,0
http://www.kaixin.com/,0
http://www.ju51.com/,0
http://www.kbs.co.kr/,0
http://www.toysrus.com/,0
http://www.freshwap.net/,0
http://www.vertor.com/,0
http://www.mahalo.com/,0
http://www.hurriyet.com.tr/,0
http://www.mercadolibre.com.ar/,0
http://www.bearshare.com/,0
http://www.zdface.com/,0
http://www.shangdu.com/,0
http://www.barbie.com/,0
http://www.interpark.com/,0
http://www.mizuhobank.co.jp/,0
http://www.hotwire.com/,0
http://www.kompas.com/,0
http://www.1link.ru/,0
http://www.rising.com.cn/,0
http://www.blurtit.com/,0
http://www.newgrounds.com/,0
http://www.mundoanuncio.com/,0
http://www.marktplaats.nl/,0
http://www.ringtonematcher.com/,0
http://www.goal.com/,0
http://www.xs8.cn/,0
http://www.mthai.com/,0
http://www.clarin.com/,0
http://www.openoffice.org/,0
http://www.ciao.de/,0
http://www.jal.co.jp/,0
http://www.lyrics007.com/,0
http://www.ovguide.com/,0
http://www.ultimate-guitar.com/,0
http://www.mobile01.com/,0
http://www.vdisk.cn/,0
http://www.buy.com/,0
http://www.computerbild.de/,0
http://www.usgs.gov/,0
http://www.te3p.com/,0
http://www.cooks.com/,0
http://www.mcssl.com/,0
http://www.reverso.net/,0
http://www.merchantcircle.com/,0
http://www.tiancity.com/,0
http://www.dropbox.com/,0
http://www.yfrog.com/,0
http://www.tiscali.it/,0
http://www.xbox.com/,0
http://www.easy-share.com/,0
http://www.autotrader.com/,0
http://www.gotomeeting.com/,0
http://www.download-gate.com/,0
http://www.nfl.com/,0
http://www.experts-exchange.com/,0
http://www.cool.ne.jp/,0
http://www.fx120.net/,0
http://www.ntv.co.jp/,0
http://www.meinvz.net/,0
http://www.king.com/,0
http://www.virginmedia.com/,0
http://www.google.com/,0
http://www.youtube.com/,0
